DE_TABL,DE_TABL_REFE
Athena,Casey
Luis,Casey
Mathew,Derek
Bruce,Shanta
Bethany,Stacey
Mark,Stacey
Chelsea,Stacey
Stacey,Margaret
Lynette,Malcolm
Anthony,Malcolm
Stacey,Malcolm
Esther,Johnnie
Dominique,Drew
Alisha,Charlene
Elisabeth,Charlene
Kate,Charlene
Savannah,Charlene
Mary,Charlene
Mackenzie,Charlene
Robin,Charlene
Jack,Charlene
Christin,Sadie
Charlene,Lamar
Austin,Beatrice
Jeffrey,Destiny
Brittney,Dewayne
Timothy,Dewayne
Melissa,Elena
Oscar,Kandice
Laurie,Neal
Jodi,Maura
Ernesto,Jackson
Kent,Robin
Angelina,Jack
Sammy,Jack
Sierra,Jack
Peter,Jack
Gustavo,Mandi
Chris,Gustavo
Tiffanie,Gustavo
Lynette,Brittani
Susan,Susan
Chelsea,Kathleen
Peter,Kathleen
Lacey,Lee
Todd,Randy
Jaime,Roy
Rosa,Terrance
Roland,Donald
Jean,Cornelius
Tanisha,Hailey
Amy,Meghan
Amber,Kate
Clarissa,Amber
Jeanine,Amber
Sarah,Amber
Shane,Clay
Kasey,Lena
Jennifer,Lena
Matthew,Lena
Alison,Marcella
Natalie,Alison
Alison,Reuben
Shana,Lea
Garrett,Lea
Garrett,Lea
Garrett,Corina
Perry,Shana
Yesenia,Melvin
Marie,Lester
Jeffery,Araceli
Justine,Sammy
Audrey,Siobhan
Stacie,Siobhan
Frankie,Garrett
Shelby,Garrett
Chad,Garrett
Yolanda,Garrett
Tony,Garrett
Angel,Garrett
Anthony,Garrett
Esther,Garrett
Judy,Garrett
Lana,Kristan
Rodney,Silvia
Hunter,Raven
Kaitlin,Kerri
Adrianna,Elliot
Brock,Byron
Sasha,Juliana
Preston,Brenna
Preston,Brenna
Byron,Nina
Tera,Teri
Ruben,Nickolas
Precious,Gladys
Sonja,Tosha
Selina,Antoinette
Judith,Jazmin
Kelsey,Jarrod
Jordan,Terri
Jordan,Julio
Danielle,Brandi
Brooke,Fallon
Karissa,Kristal
Marie,Camille
Mindy,Camille
Nikki,Camille
Laurie,Charlene
Blake,Charlene
Lamar,Christin
Judy,Lamar
Jeffrey,Leslie
Heather,Timothy
Danielle,Dewayne
Jameson,Caroline
Kenny,Terra
Mandy,Jerrod
Alfred,Maranda
Athena,Jeanine
Jodi,Meghann
Diego,Jack
Clarissa,Jack
Rusty,Jack
Justine,Jack
Sade,Jack
Genevieve,Jack
Elisabeth,Jack
Jena,Miles
Miles,Gustavo
Irene,Chris
Mitchell,Adan
Andre,Randolph
Andre,Rocio
Joel,Andre
Caroline,Andre
Kathleen,Susan
Caroline,Susan
Shelley,Savannah
Hollie,Savannah
Jeremy,Rodolfo
Kelli,Donald
Peter,Meghan
Jonathan,Matthew
Kyle,Lena
Kasey,Lena
Matthew,Lena
Joann,Roberta
Vernon,Leo
Joanne,Angie
Weston,Ashli
Colleen,Salvatore
Tracy,Colleen
Clifford,Ernest
Tatiana,Jayme
Tatiana,Toby
Nicholas,Jeffery
Cheryl,Yesenia
Isaac,Cheryl
Kristofer,Garrett
Antonio,Garrett
Lily,Garrett
Elizabeth,Garrett
Adrian,Garrett
Benjamin,Garrett
Christopher,Nick
Garrett,Liza
Rebekah,Donnie
Roman,Mindy
Crystal,Rodney
Alisha,Clarence
Marla,Byron
Cathy,Debbie
Ruby,Debbie
Preston,Rudy
Darrin,Marcia
Amie,Bridgett
Susanna,Simon
Ariana,Cori
Clayton,Sonya
Glenn,Micaela
Leticia,Lyle
Jordan,Eleanor
Casey,Jermaine
Whitney,Casey
Christopher,Helen
Carla,Helen
Chelsea,Mia
Jasmin,Leah
Cassie,Brenda
Kaitlyn,Christal
Esther,Pierre
Edwin,Robyn
Henry,Sabrina
Debbie,Charlene
Benjamin,Charlene
Steve,Charlene
Cristal,Charlene
Amber,Charlene
Jacob,Charlene
Brittney,Mary
Krista,Lorenzo
Eric,Jeffrey
Eric,Dewayne
Krista,Dewayne
Patricia,Caroline
Marcus,Keith
Bobbie,Ashely
Jodi,Celina
Neal,Kristian
Chad,Jack
Marie,Jack
Peter,Jack
Maxwell,Jack
Cole,Angelo
Gabriela,Marissa
Caroline,Susan
Miranda,Kathleen
Angelina,Gavin
Shelley,Roy
Mathew,Terrance
Margarita,Mathew
Kelli,Kurtis
Rogelio,Patricia
Tanisha,Patricia
Patricia,Maegan
Melanie,Vivian
Teresa,Richard
Jason,Matthew
Shannon,Lena
Kasey,Lena
Erik,Alison
Garrett,Lea
Garrett,Lea
Miriam,Guadalupe
Garrett,Shana
Perry,Britni
Yolanda,Milton
Yolanda,Alexandria
Dallas,Angie
Crystal,Kenya
Colleen,Faith
Jayme,Lily
Chad,Justine
Chad,Marie
Ross,Madeline
Brooke,Siobhan
Katharine,Garrett
Juliana,Garrett
Corey,Garrett
Steve,Garrett
Cynthia,Garrett
Dennis,Garrett
Monica,Lana
Mindy,Lana
Jeffery,Christie
Monica,Callie
Darrin,Jarod
Hunter,Jarod
Karissa,Daniella
Karissa,Kaylee
Delilah,Santana
Bernadette,Quintin
Byron,Ellen
Mariah,Bridgett
Tera,Floyd
Ladonna,Cori
Cori,Cori
Donte,Ladonna
Asia,Ladonna
Kody,Tosha
Clayton,Sonja
Kody,Sonja
Brock,Alisa
Marla,Lucinda
Judith,Trista
Leah,Avery
Melanie,Garret
Sonia,Francis
Allen,Efrain
Kirsten,Allen
Tracie,Kristal
Alana,Camille
Leah,Jermaine
Manuel,Jermaine
Tamara,Stacey
Chelsea,Jacob
Juan,Jacob
Cassie,Christal
Charity,Charity
Chad,Charlene
Jonathan,Charlene
Rick,Charlene
Alisha,Charlene
Brooke,Charlene
Mia,Charlene
Timothy,Charlene
Jodi,Charlene
Veronica,Garret
Richard,Garret
Barry,Brandi
Jermaine,Kristal
Jermaine,Kristal
Chad,Camille
Sierra,Camille
Sheila,Camille
Krystina,Camille
Casey,Jermaine
Joseph,Dan
Juan,Stacey
Amber,Leah
Esther,Tyrell
Robyn,Drew
Casey,Lyndsey
Rusty,Charlene
Cameron,Charlene
Cameron,Charlene
Garrett,Charlene
Veronica,Charlene
Kate,Charlene
Joseph,Charlene
Fred,Charlene
Kerry,Chester
Charlene,Shante
Ian,Austin
Ian,Leeann
Austin,Leeann
Mary,Leslie
Mary,Dewayne
Timothy,Stefanie
Lorenzo,Erick
Jeffrey,Chantelle
Mia,Caroline
Antoine,Gretchen
Ashely,Dominque
Gretchen,Dominque
Madison,Wilson
Wilson,Candis
Mandy,Jeanne
Willie,Oscar
Mackenzie,Maya
Jeanine,Lakeshia
Kirsten,Jack
Rene,Jack
Tanya,Jack
Tyson,Hanna
Adan,Candy
Karina,Adan
Caroline,Marissa
Jameson,Marissa
Jameson,Susan
Angel,Briana
Holli,Briana
Tania,Krystina
Rusty,Gavin
Hollie,Roy
Rosa,Jimmy
Donald,Donald
Kurtis,Jarvis
Frankie,Patricia
Jamal,Amber
Richard,Vivian
Erika,Racheal
Katharine,Beau
Jennifer,Lena
Beau,Lena
Clint,Rick
Garrett,Lea
Justina,Lester
Jeanette,Princess
Marshall,Dallas
Marshall,Dallas
Jake,Deangelo
Ernest,Faith
Betty,Noe
Kira,Shari
Elizabeth,Ali
Cassidy,Garry
Jake,Cassidy
Isaac,Alma
Katharine,Ted
Meaghan,Garrett
Alisha,Garrett
Mathew,Garrett
Joseph,Nick
Blake,Lana
Cameron,Lana
Garrett,Lana
Marie,Alvaro
Jeffery,Mindy
Steve,Clarence
Keisha,Kerri
Alex,Kerri
Chad,Juliana
Sally,Juliana
Santana,Corinne
Preston,Karla
Chrystal,Bret
Byron,Nadia
Elliot,Marcia
Nickolas,Simon
Quincy,Ladonna
Nickolas,Breanna
Tracie,Amie
Amber,Amie
Shane,Amie
Glenn,Jeannette
Antoinette,Adrianna
Leticia,Trista
Grant,Jarrod
Amber,Jarrod
Jordan,Scotty
Lesley,Brandi
Heather,Brandi
Ross,Susana
Chandra,Camille
Tania,Camille
Jarrod,Jermaine
Stacey,Jermaine
Athena,Casey
Todd,Margaret
Shane,Leah
Leah,Malcolm
Mia,Ivy
Brenda,Christal
Esther,Tyrell
Pierre,Tyrell
Esther,Pierre
Dominic,Drew
Sabrina,Tabitha
Shannon,Charlene
Rodney,Charlene
Melanie,Charlene
Amber,Charlene
Eric,Charlene
Jeffrey,Charlene
Krista,Charlene
Katelyn,Charlene
Willie,Charlene
Erik,Charlene
Eugene,Charlene
Fred,Kristyn
Jayme,Lamar
Heather,Leslie
Austin,Erick
Allen,Caroline
Melissa,Marcus
Dominque,Martina
Mitchell,Zachariah
Jodi,Heath
Jeanine,Oscar
Willie,Robin
Robin,Pauline
Kristofer,Jack
Breanna,Jack
Sasha,Jack
Kendall,Jack
Melanie,Jack
Richard,Jack
Gina,Angelo
Susan,Marissa
Candice,Cassandra
Kathleen,Cassandra
Kimberley,Rocio
Andrea,Andre
Susan,Moses
Morgan,Meagan
Holli,Damian
Angelina,Patricia
Clarissa,Patricia
Juan,Patricia
Jameson,Patricia
Veronica,Patricia
Melanie,Patricia
Juan,Maegan
Meghan,Hailey
Amber,Kate
Amber,Kate
Thomas,Shane
Matthew,Lena
Blake,Lena
Meaghan,Lena
Brianna,Lena
Steve,Guadalupe
Joann,Shana
Crystal,Dallas
Dallas,Dallas
Tracy,Sandra
Betty,Alec
Elizabeth,Betty
Christie,Kareem
Brett,Shelby
Cara,Shelby
Brett,Antonio
Juliana,Sade
Audrey,Madeline
Jake,Garrett
Jeffery,Garrett
Jeffery,Garrett
Walter,Garrett
Joanne,Garrett
Elliott,Garrett
Steve,Lana
Chad,Kristan
Monica,Clarence
Desmond,Dayna
Debbie,Marisela
Debbie,Kendrick
Jonathon,Catrina
Byron,Corinne
Byron,Corinne
Chrystal,Preston
Bret,Liliana
Byron,Nina
Byron,Nina
Byron,Grace
Delilah,Grace
Teri,Arlene
Clayton,Kimberly
Glenn,Aisha
Allen,Alanna
Miranda,Allen
Desiree,Miranda
Veronica,Peter
Jermaine,Camille
Debbie,Camille
Clarissa,Camille
Jermaine,Camille
Fabian,Camille
Fabian,Camille
Marco,Jermaine
Donald,Casey
Terrance,Derek
Kelley,Dan
Christopher,Dan
Kelley,Helen
Cassie,Stacey
Mark,Jacob
Margaret,Tori
Sierra,Sheila
Esther,Bridgette
Henry,Drew
Keri,Sabrina
Rose,Lyndsey
Phillip,Lyndsey
Adrian,Charlene
Steve,Charlene
Helen,Charlene
Athena,Charlene
Rochelle,Charlene
Jeffrey,Nakia
Traci,Erick
Craig,Marcus
Antoine,Eva
Landon,Betsy
Arielle,Dominque
Tyson,Laurie
Dane,Jodi
Mitchell,Jodi
Mandy,Noemi
Alfred,Jeanne
Johnny,Oscar
Johnny,Darcy
Zachariah,Daphne
Jodi,Maya
Jeanine,Sharon
Myron,Jack
Rigoberto,Jack
Antwan,Jack
Danielle,Jack
Angelo,Gustavo
Brittani,Korey
Dominick,Brittani
Graham,Kimberlee
Devon,Marissa
Cassandra,Cassandra
Kylie,Rocio
Devon,Kathleen
Lori,Nikki
Jimmy,Rodolfo
Devon,Patricia
Ricky,Meghan
Juan,Amber
Tanisha,Amber
Linsey,Clay
Amber,Clay
Veronica,Vivian
Patricia,Racheal
Kasey,Lena
Matthew,Lena
Benjamin,Lena
Clint,Marcella
Yesenia,Lea
Monica,Guadalupe
Melvin,Shana
Katharine,Melvin
Lloyd,Yolanda
Jayme,Toby
Elizabeth,Jeffery
Joan,Ryne
Cheryl,Ryne
Chad,Rigoberto
Leticia,Garrett
Jayson,Garrett
Shannon,Garrett
Blake,Garrett
Monica,Garrett
Rodney,Garrett
Mathew,Garrett
Jaime,Garrett
Kelley,Nick
Carla,Nick
Miriam,Lana
Justine,Kristan
Hunter,Elliot
Debbie,Debbie
Cathy,Lucia
Byron,Deidra
Preston,Karla
Adrianna,Marcia
Amie,Mariah
Diego,Cori
Tracie,Amie
Precious,Angelique
Sonya,Sonja
Jamel,Sonja
Glenn,Sheree
Shantel,Allen
Rene,Allen
Peter,Brandi
Morgan,Peter
Ross,Tameka
Roxana,Camille
Marco,Jermaine
Marco,Jermaine
Charity,Jermaine
Renee,Derek
Ronald,Derek
Deborah,Marjorie
Joseph,Helen
Donald,Stacey
Kristina,Margaret
Jacob,Kristina
Chelsea,Ivy
Leah,Emilie
Brendan,Drew
Alissa,Olivia
Kory,Lyndsey
Shane,Lyndsey
Amber,Lyndsey
Ruby,Charlene
Linsey,Charlene
Tony,Charlene
Kelley,Charlene
Eric,Charlene
Judy,Charlene
Austin,Charlene
Alfred,Charlene
Dennis,Charlene
Garrett,Charlene
Kristyn,Rex
Caitlyn,Krista
Chelsea,Caroline
Devon,Caroline
Jodi,Cierra
Sheldon,Jerrod
Sheldon,Noemi
Athena,Tyson
Karina,Ernesto
Jeanine,Karina
Tera,Jack
Brandi,Jack
Candy,Savanna
Joel,Marissa
Susan,Andre
Anna,Susan
Mia,Kathleen
Craig,Kathleen
Marisa,Connie
Randall,Gene
Randy,Lori
Manuel,Rodolfo
Mathew,Peggy
Mathew,Kassandra
Roland,Donald
Maxwell,Cornelius
Alex,Patricia
Aaron,Patricia
Meghan,Patricia
Amber,Kate
Kelsey,Amber
Tamara,Amber
Thomas,Clay
Sarah,Clay
Kyle,Matthew
Adrian,Beau
Matthew,Beau
Matthew,Lena
Jennifer,Lena
Monica,Abbey
Alisha,Guadalupe
Ashlee,Melvin
Garrett,Lester
Alexandria,Shauna
Shari,Betty
Nicholas,Shari
Cara,Cheryl
Trista,Garrett
Gloria,Garrett
Byron,Garrett
Regina,Garrett
Erik,Garrett
Alison,Garrett
Matthew,Garrett
Brianna,Garrett
Cameron,Garrett
Rebekah,Garrett
Mathew,Garrett
Garrett,Alvaro
Kari,Valarie
Lester,Kristan
Roman,Silvia
Gloria,Byron
Clarissa,Rusty
Hunter,Marcia
Teri,Rhiannon
Moises,Simon
Julie,Nickolas
Keshia,Cori
Asia,Diego
Moises,Breanna
Kimberly,Sonja
Alisa,Marsha
Judith,Leticia
Shane,Jarrod
Jarrod,Solomon
Erika,Garret
Heather,Allen
Randall,Brandi
Theresa,Camille
Tyson,Casey
Jeremy,Casey
Derek,Luis
Donald,Luis
Jimmy,Derek
Donald,Derek
Lakeisha,Stacey
Brenda,Stacey
Maria,Margaret
Anthony,Leah
Bethany,Leah
Bridgette,Tyrell
Esther,Bridgette
Dwayne,Charlene
Kyle,Charlene
Cynthia,Charlene
Cristal,Charlene
Orlando,Charlene
Richard,Charlene
Amber,Charlene
Christopher,Charlene
Timothy,Charlene
Eugene,Chester
Jarod,Christin
Adam,Eric
Jeffrey,Traci
Caitlyn,Dewayne
Adam,Dewayne
Leslie,Erick
Andrea,Jody
Kirsten,Caroline
Rene,Caroline
Betsy,Dominque
Wilson,Chastity
Neil,Jodi
Mandy,Alfred
Maranda,Abbie
Jeanine,Darcy
Jodi,Rory
Laurie,Maya
Jodi,Maura
Sally,Jack
Juliana,Jack
Gina,Jack
Peter,Jack
Veronica,Jack
Dominick,Lashonda
Jamal,Jameson
Jamal,Graham
Kenny,Rocio
Connie,Lora
Briana,Damian
Savannah,Gavin
Roy,Savannah
Jean,Jarvis
Amber,Patricia
Amber,Patricia
Patricia,Leann
Grant,Shane
Jennifer,Matthew
Beau,Lena
Justina,Shana
Yesenia,Shana
Yolanda,Shana
Crystal,Leo
Ismael,Kenya
Clifford,Salvatore
Colleen,Ernest
Jake,Garry
Joan,Ryne
Nadine,Joan
April,Jordon
Marilyn,Garrett
Jeanette,Garrett
Ashlee,Garrett
Kari,Garrett
Abraham,Garrett
Kerry,Garrett
Fred,Garrett
Mathew,Garrett
Alisha,Lana
Marie,Valarie
Justine,Valarie
Chad,Rodney
Cameron,Clarence
Selina,Raven
Larissa,Raven
Jonathon,Kerri
Alana,Preston
Byron,Kassie
Byron,Nina
Alisa,Ellen
Myron,Rusty
Loren,Teri
Teri,Floyd
Rickey,Nickolas
Glenn,Nicolas
Theresa,Dwayne
Jordan,Ciara
Anne,Garret
Meghan,Garret
Helen,Marlena
Karissa,Camille
Jack,Camille
Krysta,Jermaine
